<?xml version="1.0" encoding="UTF-8"?>

<!--
  ~ JBoss, Home of Professional Open Source.
  ~ Copyright 2012, Red Hat, Inc., and individual contributors
  ~ as indicated by the @author tags. See the copyright.txt file in the
  ~ distribution for a full listing of individual contributors.
  ~
  ~ This is free software; you can redistribute it and/or modify it
  ~ under the terms of the GNU Lesser General Public License as
  ~ published by the Free Software Foundation; either version 2.1 of
  ~ the License, or (at your option) any later version.
  ~
  ~ This software is distributed in the hope that it will be useful,
  ~ but WITHOUT ANY WARRANTY; without even the implied warranty of
  ~ MERCHANTABILITY or FITNESS FOR A PARTICULAR PURPOSE. See the GNU
  ~ Lesser General Public License for more details.
  ~
  ~ You should have received a copy of the GNU Lesser General Public
  ~ License along with this software; if not, write to the Free
  ~ Software Foundation, Inc., 51 Franklin St, Fifth Floor, Boston, MA
  ~ 02110-1301 USA, or see the FSF site: http://www.fsf.org.
  -->

<module xmlns="urn:jboss:module:1.1" name="com.sun.jsf-impl" slot="myfaces-2.1.7">
    <properties>
        <property name="jboss.api" value="private"/>
    </properties>

    <dependencies>
        <module name="javax.faces.api" slot="myfaces-2.1.7">
            <imports>
                <include path="META-INF/**"/>
            </imports>
        </module>
        <module name="javaee.api"/>
        <module name="javax.servlet.jstl.api"/>
        <module name="org.apache.xerces" services="import"/>
        <module name="org.apache.xalan" services="import"/>

        <!-- extra dependencies for MyFaces -->
        <module name="org.apache.commons.collections"/>
        <module name="org.apache.commons.codec"/>
        <module name="org.apache.commons.beanutils"/>
        <module name="org.apache.commons.digester"/>

        <!-- extra dependencies for MyFaces 1.1
        <module name="org.apache.commons.logging"/>
        <module name="org.apache.commons.el"/>
        <module name="org.apache.commons.lang"/> -->
    </dependencies>

    <resources>
        <resource-root path="myfaces-impl-2.1.7.jar"/>
    </resources>
</module>
